,id,yearDiff,Stimmfach,H1H2LTAS,alphaRatio,CPPs,SNR,Jahr,alter,geschlecht,Voice Type,dSPL
0,0,0.14246575342465753,Ten/Bar/Bass,-2.906461639384223,0.21381018470046922,18.08115237612258,45.591583251953125,2010,20.0,männl.,Tenor,22.572677430227582
1,0,1.178082191780822,Ten/Bar/Bass,-2.1281164171154976,0.18056139626555223,19.011090989334818,45.39735794067383,2010,20.0,männl.,Tenor,18.958810863343373
2,0,2.750684931506849,Ten/Bar/Bass,-3.7626387015098235,0.712601312982213,17.628307219370523,46.60653591156006,2010,20.0,männl.,Tenor,19.78600862663835
3,0,3.345205479452055,Ten/Bar/Bass,-3.2110272516555467,0.31714981637536527,19.45425688893151,46.09119892120361,2010,20.0,männl.,Tenor,17.168240375016865
4,1,0.09041095890410959,Sop/Mezzo/Alt,1.6899433426909216,1.1598883744886925,14.832537389730835,44.774932861328125,2014,19.0,weibl.,Soprano,26.859834216362337
5,1,1.1835616438356165,Sop/Mezzo/Alt,4.235549139011652,0.29418360364629603,14.483177168775319,44.32800769805908,2014,19.0,weibl.,Soprano,25.427451881767684
6,1,2.4684931506849317,Sop/Mezzo/Alt,4.168528946749852,0.597009206825951,14.469496389146514,42.51851558685303,2014,19.0,weibl.,Soprano,14.734668574361919
7,1,3.6191780821917807,Sop/Mezzo/Alt,3.89331326671258,0.47196139785906205,14.284437806508299,44.640960693359375,2014,19.0,weibl.,Soprano,11.076573595970533
8,3,0.1506849315068493,Sop/Mezzo/Alt,5.297653165086221,0.5586766331450032,13.22479427245096,46.62306785583496,2013,26.0,weibl.,Mezzo-Soprano/Contralto,18.271138974761012
9,3,1.3397260273972602,Sop/Mezzo/Alt,4.812398834510249,1.0330463542454118,16.49615095776905,42.272377014160156,2013,26.0,weibl.,Mezzo-Soprano/Contralto,23.924573031963753
10,3,2.317808219178082,Sop/Mezzo/Alt,6.083823574901234,1.050358187290295,15.613241135710663,44.632272720336914,2013,26.0,weibl.,Mezzo-Soprano/Contralto,13.540784941758536
11,10,0.08767123287671233,Ten/Bar/Bass,-1.4718158664829857,-0.1742473086969435,15.077517246426188,29.454224109649658,2009,21.0,männl.,Tenor,14.390660253136232
12,10,1.167123287671233,Ten/Bar/Bass,-0.7206936458489264,0.6397609541090972,18.96523174246519,115.45699558774294,2009,21.0,männl.,Tenor,2.8733900716170324
13,10,1.3342465753424657,Ten/Bar/Bass,-3.723781714341907,0.6224854822694061,17.66524352001712,24.22816753387451,2009,21.0,männl.,Tenor,20.554375569929284
14,10,2.2904109589041095,Ten/Bar/Bass,-1.7045210215844184,1.5303340316965688,19.21361232120813,117.5729418639895,2009,21.0,männl.,Tenor,-1.6600047244941905
15,10,3.452054794520548,Ten/Bar/Bass,-3.4885044739211852,1.9234371148473197,14.761759480174588,41.889381408691406,2009,21.0,männl.,Tenor,19.209174629408004
16,15,0.1232876712328767,Sop/Mezzo/Alt,7.233528351744551,-1.9436268886178452,14.335849183797645,49.677205085754395,2010,19.0,weibl.,Soprano,18.982297719800606
17,15,1.178082191780822,Sop/Mezzo/Alt,5.110547493413903,-0.9067619133073757,15.008112762004146,47.16970443725586,2010,19.0,weibl.,Soprano,26.383203797112138
18,16,1.7863013698630137,Sop/Mezzo/Alt,6.283590716401709,-1.9753266198077042,14.717981344014786,35.18138647079468,2006,19.0,weibl.,Soprano,14.616508031973002
19,16,2.4575342465753423,Sop/Mezzo/Alt,5.445904907350162,-0.7953268940882184,14.268241669628036,38.186354637145996,2006,19.0,weibl.,Soprano,28.99255583187614
20,16,3.493150684931507,Sop/Mezzo/Alt,5.5576666688695555,-1.8451155207018999,15.650593614533111,44.35565948486328,2006,19.0,weibl.,Soprano,22.675316107617107
21,19,0.5753424657534246,Ten/Bar/Bass,-3.7033979782323376,-0.3405055589644672,17.9684045153426,46.22474193572998,2012,19.0,männl.,Baritone/Bass,23.129160825064936
22,19,2.589041095890411,Ten/Bar/Bass,-3.6090121297046673,0.05724124886192645,20.108117155219382,40.39071559906006,2012,19.0,männl.,Baritone/Bass,26.238108658650393
23,19,3.547945205479452,Ten/Bar/Bass,-3.6856639138782143,-0.6904535372863869,16.96811627739085,43.92504692077637,2012,19.0,männl.,Baritone/Bass,14.076706293798482
24,23,0.12602739726027398,Ten/Bar/Bass,-5.324126273952854,-0.2454534399509764,17.125070484700792,30.42647361755371,2009,23.0,männl.,Baritone/Bass,15.839096094308251
25,23,1.1616438356164382,Ten/Bar/Bass,-5.059127751660251,1.160331619270826,17.8887004586552,43.07304859161377,2009,23.0,männl.,Baritone/Bass,15.244200210332789
26,23,2.350684931506849,Ten/Bar/Bass,-5.541721653550146,1.317235047916199,17.579752861329126,40.75905799865723,2009,23.0,männl.,Baritone/Bass,16.059803839434746
27,23,3.76986301369863,Ten/Bar/Bass,-4.826846085634245,1.0119011058330956,18.495682540613306,46.8698787689209,2009,23.0,männl.,Baritone/Bass,18.656609405908405
28,24,0.1095890410958904,Sop/Mezzo/Alt,10.507286773079215,-3.4930126164870834,13.32624159169922,38.95411252975464,2014,22.0,weibl.,Mezzo-Soprano/Contralto,12.11894194112592
29,24,1.2027397260273973,Sop/Mezzo/Alt,8.22358107767432,-1.2275381377307129,12.861423858376648,41.90673828125,2014,22.0,weibl.,Mezzo-Soprano/Contralto,26.57293203814106
30,24,2.6027397260273974,Sop/Mezzo/Alt,8.5350812511944,-0.7723388226654532,12.98984982775518,44.407076835632324,2014,22.0,weibl.,Mezzo-Soprano/Contralto,20.949012295146407
31,24,3.638356164383562,Sop/Mezzo/Alt,7.910197102202811,-0.7430872322030491,12.699953285797864,42.995333671569824,2014,22.0,weibl.,Mezzo-Soprano/Contralto,8.617932955523461
32,25,0.09315068493150686,Ten/Bar/Bass,-3.6238652692658335,1.4401524692658083,20.75364399378975,94.7797821899435,2008,19.0,männl.,Baritone/Bass,-6.780078860263248
33,25,1.3397260273972602,Ten/Bar/Bass,-2.101945143703449,1.830160421669818,19.454426718189975,102.80092281225593,2008,19.0,männl.,Baritone/Bass,-1.365536661040578
34,25,2.1671232876712327,Ten/Bar/Bass,-3.818959061783498,2.098225834840843,21.692652943931318,107.51224670185665,2008,19.0,männl.,Baritone/Bass,-0.31286368698014905
35,25,3.293150684931507,Ten/Bar/Bass,-5.097811332947337,2.9188792626214797,20.62249334520989,111.39008732114674,2008,19.0,männl.,Baritone/Bass,-4.449136244771919
36,33,0.14246575342465753,Sop/Mezzo/Alt,4.0037598105808225,-0.15544643378682177,14.049130064236296,43.70710372924805,2010,21.0,weibl.,Soprano,28.217388229995834
37,33,1.5808219178082192,Sop/Mezzo/Alt,6.386481053104092,-1.423455385434142,15.29959789669119,42.817463874816895,2010,21.0,weibl.,Soprano,19.678688184671238
38,33,3.536986301369863,Sop/Mezzo/Alt,7.531798486391967,-2.0837101274591014,15.947495361625077,37.08114147186279,2010,21.0,weibl.,Soprano,29.821743201567344
39,34,0.0958904109589041,Ten/Bar/Bass,-3.166089717095872,-0.05345721071568095,17.788095536652616,65.35101903445332,2008,25.0,männl.,Baritone/Bass,-1.2752739622009426
40,34,1.336986301369863,Ten/Bar/Bass,-3.9409895335277834,-0.2199002540634852,19.467173783073548,41.06287956237793,2008,25.0,männl.,Baritone/Bass,17.90495424553945
41,34,2.1671232876712327,Sop/Mezzo/Alt,,,,,2008,25.0,männl.,Mezzo-Soprano/Contralto,
42,43,1.3424657534246576,Ten/Bar/Bass,-3.6330217010439148,1.333436539835716,16.518236587298503,35.383784770965576,2007,26.0,männl.,Tenor,14.438653664700535
43,43,3.336986301369863,Ten/Bar/Bass,-2.6319389618511373,1.067885032947504,18.143349408559512,44.59801197052002,2007,26.0,männl.,Tenor,12.392751142851067
44,44,0.1232876712328767,Ten/Bar/Bass,-3.9560277756452282,-0.2329467834746506,18.505979363909578,39.67717170715332,2010,23.0,männl.,Baritone/Bass,18.81151472815741
45,44,1.5041095890410958,Ten/Bar/Bass,-4.162815227624469,1.0415624766932492,19.283806149611912,43.60909938812256,2010,23.0,männl.,Baritone/Bass,20.800270254946575
46,44,2.578082191780822,Ten/Bar/Bass,-4.112409441536785,0.4745690476080625,17.37143574941551,44.074087142944336,2010,23.0,männl.,Baritone/Bass,17.713505083449213
47,44,3.326027397260274,Ten/Bar/Bass,-4.413058551749654,1.6875983252638682,18.59359573479783,42.97177791595459,2010,23.0,männl.,Baritone/Bass,26.66771023572798
48,46,0.1506849315068493,Sop/Mezzo/Alt,5.4151224962572755,-0.485411576542488,13.508085884856214,39.612648487091064,2013,20.0,weibl.,Soprano,29.081770527804068
49,46,1.3397260273972602,Sop/Mezzo/Alt,5.748642611558799,-1.2210210284175478,12.874637003870603,37.74599313735962,2013,20.0,weibl.,Soprano,13.865135133448675
50,46,2.317808219178082,Sop/Mezzo/Alt,4.402590334840465,-0.4545782932775125,13.516943776863702,41.45691394805908,2013,20.0,weibl.,Soprano,26.655453282402448
51,47,0.1589041095890411,Ten/Bar/Bass,-3.941017381072433,-1.4031397469858415,17.0877394230769,42.57951736450195,2016,25.0,männl.,Baritone/Bass,12.457930010999835
52,47,1.3287671232876712,Ten/Bar/Bass,-5.186901853483425,-0.49813776969854556,17.15048088934896,46.831326484680176,2016,25.0,männl.,Baritone/Bass,16.192317824623
53,48,0.16164383561643836,Ten/Bar/Bass,-1.9480957975678757,0.3924398279993585,15.870951629312708,38.922247886657715,2015,19.0,männl.,Baritone/Bass,15.69275809083903
54,48,1.2164383561643837,Ten/Bar/Bass,-4.213775300041808,-0.0882465132472824,17.003861172885507,44.87679481506348,2015,19.0,männl.,Baritone/Bass,14.721385277900216
55,48,2.734246575342466,Ten/Bar/Bass,-8.081871953006019,-0.06538361367063332,16.4201202671925,45.58720111846924,2015,19.0,männl.,Baritone/Bass,18.835684150796986
56,52,0.18904109589041096,Ten/Bar/Bass,-5.398923682762755,0.8001734828013297,16.065893749941736,38.679630756378174,2014,25.0,männl.,Baritone/Bass,18.724078538224685
57,52,1.1835616438356165,Ten/Bar/Bass,-6.347463535908621,0.25989786048656566,18.499702825463434,48.0218505859375,2014,25.0,männl.,Baritone/Bass,20.013249784096097
58,52,2.4876712328767123,Ten/Bar/Bass,-6.265748169252503,0.06832416189206914,16.880762960092778,49.107279777526855,2014,25.0,männl.,Baritone/Bass,23.955927568558636
59,52,3.6191780821917807,Ten/Bar/Bass,-6.979377549912745,-0.7229102147740019,16.38383490451047,46.70516014099121,2014,25.0,männl.,Baritone/Bass,0.32751441971233636
60,54,0.20273972602739726,Sop/Mezzo/Alt,2.7266745411415183,0.5120990590983255,13.359426485316542,39.263296127319336,2015,21.0,weibl.,Soprano,27.36184289047847
61,54,1.736986301369863,Sop/Mezzo/Alt,4.059273535455753,0.11842718100582142,16.081402692113603,45.279197692871094,2015,21.0,weibl.,Soprano,17.66690327456233
62,56,0.18082191780821918,Sop/Mezzo/Alt,1.7840857277299387,0.7644600390335919,12.680839819157272,40.10660648345947,2015,21.0,weibl.,Soprano,19.825728062387604
63,56,1.2191780821917808,Sop/Mezzo/Alt,2.363619469511763,1.6942066434846201,15.023727191553197,46.038970947265625,2015,21.0,weibl.,Soprano,17.504890473140613
64,56,2.580821917808219,Sop/Mezzo/Alt,2.44915065028346,0.12469137869788377,14.040770540806387,46.904335021972656,2015,21.0,weibl.,Soprano,19.85609776884757
65,61,1.7561643835616438,Ten/Bar/Bass,-4.563301650744809,-0.17293586428388802,16.77480888657014,35.98883867263794,2006,24.0,männl.,Baritone/Bass,17.657205683349698
66,61,2.7260273972602738,Ten/Bar/Bass,-3.9845976480954395,-0.05015377660711387,19.137380390460226,36.76545858383179,2006,24.0,männl.,Baritone/Bass,19.0864715088537
67,61,3.723287671232877,Ten/Bar/Bass,-5.075890793103085,-0.34852628362939697,18.8888942534622,43.65048408508301,2006,24.0,männl.,Baritone/Bass,23.14088051164441
68,66,0.10136986301369863,Sop/Mezzo/Alt,4.51519036123245,-1.0874268493159434,14.474794818433589,46.523680686950684,2017,22.0,weibl.,Soprano,28.300788114768753
69,66,1.1917808219178083,Sop/Mezzo/Alt,2.984057191630508,1.5605385557494034,16.177528428568117,36.588568687438965,2017,22.0,weibl.,Soprano,24.661750366296367
70,72,0.5589041095890411,Sop/Mezzo/Alt,,,,,2008,25.0,weibl.,Mezzo-Soprano/Contralto,
71,72,1.747945205479452,Sop/Mezzo/Alt,,,,,2008,25.0,weibl.,Mezzo-Soprano/Contralto,
72,72,2.1671232876712327,Sop/Mezzo/Alt,7.318942424338025,-2.3728676610610617,17.20083331813148,112.8811646359574,2008,25.0,weibl.,Mezzo-Soprano/Contralto,11.158440370606375
73,72,3.2904109589041095,Sop/Mezzo/Alt,3.8355602092847456,-0.4197792740632682,18.119720440838645,120.5635548575545,2008,25.0,weibl.,Mezzo-Soprano/Contralto,7.836293565572254
74,74,0.1589041095890411,Sop/Mezzo/Alt,7.04803559289396,1.0480295904053403,15.60812783726057,46.90770149230957,2016,23.0,weibl.,Mezzo-Soprano/Contralto,24.898750370168656
75,74,1.2136986301369863,Sop/Mezzo/Alt,7.303947306767644,0.5283222332855311,15.314687705265184,46.25980854034424,2016,23.0,weibl.,Mezzo-Soprano/Contralto,14.999060435209495
76,77,1.3041095890410959,Sop/Mezzo/Alt,6.309727376286553,-1.4143282860332984,12.026447261523055,27.567238807678223,2007,19.0,weibl.,Soprano,10.751637362937004
77,77,2.3205479452054796,Sop/Mezzo/Alt,6.704791235122841,-1.0634503540656224,13.774941190481409,44.763245582580566,2007,19.0,weibl.,Soprano,25.695651001256312
78,78,1.4575342465753425,Sop/Mezzo/Alt,5.569547576572398,-1.13755059135465,12.704720883380244,27.232074737548828,2007,19.0,weibl.,Soprano,13.87391260760908
79,78,2.493150684931507,Sop/Mezzo/Alt,6.416443718452177,-0.6606461404963454,13.15422480888703,42.588887214660645,2007,19.0,weibl.,Soprano,23.582565187561777
80,78,3.778082191780822,Sop/Mezzo/Alt,4.777986793152078,0.46207725099968733,14.643554354378807,44.4928503036499,2007,19.0,weibl.,Soprano,14.760053615879107
81,80,0.09315068493150686,Sop/Mezzo/Alt,11.57149304272253,-3.014674506740731,14.291085577520706,88.92437485670598,2008,19.0,weibl.,Soprano,-0.6801079066768794
82,80,1.2986301369863014,Sop/Mezzo/Alt,9.018928859185047,-2.0872295103003213,13.449029757247118,42.36597537994385,2008,19.0,weibl.,Soprano,16.549836483960167
83,80,2.1671232876712327,Sop/Mezzo/Alt,7.565556909144826,-2.7427048659002313,15.848708936917376,109.47944794253813,2008,19.0,weibl.,Soprano,3.0691572371206792
84,80,3.293150684931507,Sop/Mezzo/Alt,6.77346366168592,-1.6240600997381,15.988809641183646,110.72167864705519,2008,19.0,weibl.,Soprano,4.179162591365275
85,81,0.12054794520547946,Sop/Mezzo/Alt,5.64872498362321,0.1592747403829038,15.603983348735143,43.3310604095459,2017,23.0,weibl.,Mezzo-Soprano/Contralto,33.67062286399161
86,81,1.1342465753424658,Sop/Mezzo/Alt,7.532875491598782,0.4041029140908569,14.854665384643273,43.59029293060303,2017,23.0,weibl.,Mezzo-Soprano/Contralto,37.24857106306994
87,84,0.1506849315068493,Sop/Mezzo/Alt,3.3307322285966845,1.308191233308908,15.185688791353522,43.706088066101074,2013,21.0,weibl.,Soprano,20.025994911099318
88,84,1.3397260273972602,Sop/Mezzo/Alt,1.0859987232415922,0.36524882308360485,15.856837932015448,53.334221839904785,2013,21.0,weibl.,Soprano,23.336335072311986
89,84,2.2986301369863016,Sop/Mezzo/Alt,6.658876570943314,-0.34679786967092985,13.854508927308917,47.75419235229492,2013,21.0,weibl.,Soprano,19.137782690897286
90,84,3.506849315068493,Sop/Mezzo/Alt,4.855432572714333,-0.13610374464058914,15.456754895377601,47.47960090637207,2013,21.0,weibl.,Soprano,23.670410298971984
91,87,0.1506849315068493,Ten/Bar/Bass,-6.681105661962814,-0.3279451666953489,17.31509840217833,35.5199408531189,2013,23.0,männl.,,13.097258614780925
92,87,1.3397260273972602,Ten/Bar/Bass,-6.336863730209919,-0.3972817777372536,16.864812533414828,44.246015548706055,2013,23.0,männl.,,16.84257176667671
93,87,3.66027397260274,Ten/Bar/Bass,-3.8320156167246457,-0.725933203817432,15.639341556506885,37.49488115310669,2013,23.0,männl.,,17.022312714052703
94,90,0.18082191780821918,Sop/Mezzo/Alt,4.505949997079927,0.9265313541422702,12.978089853161169,43.424315452575684,2015,18.0,weibl.,Mezzo-Soprano/Contralto,14.321889064685095
95,90,2.7150684931506848,Sop/Mezzo/Alt,4.830289319171667,0.8479592946615645,14.421290327696912,43.72852802276611,2015,18.0,weibl.,Mezzo-Soprano/Contralto,13.406795658834387
96,91,0.09315068493150686,Sop/Mezzo/Alt,5.8465565195422196,-0.8854685596535801,15.050360731578166,93.37612591217768,2008,20.0,weibl.,Mezzo-Soprano/Contralto,-8.30590369727808
97,91,1.2027397260273973,Sop/Mezzo/Alt,6.458219722194036,-1.109997422279034,10.963267578911744,25.99931001663208,2008,20.0,weibl.,Mezzo-Soprano/Contralto,15.088402028715969
98,91,2.1726027397260275,Sop/Mezzo/Alt,5.06371014563749,-1.517009011125079,15.380191990605043,102.74584882318322,2008,20.0,weibl.,Mezzo-Soprano/Contralto,2.6090352790823577
99,91,3.1397260273972605,Sop/Mezzo/Alt,4.367143721350937,0.9245817122084599,16.305046023429625,32.164855003356934,2008,20.0,weibl.,Mezzo-Soprano/Contralto,20.24564237845926
100,96,1.4575342465753425,Ten/Bar/Bass,-2.7165237681350725,0.16835433957514023,16.688872097609437,27.756764888763428,2007,20.0,männl.,Baritone/Bass,12.068937797744898
101,96,2.7424657534246575,Ten/Bar/Bass,-1.8191782528068503,-0.28841138755107754,18.652968928854325,38.054959774017334,2007,20.0,männl.,Baritone/Bass,16.250023727270925
102,97,0.0821917808219178,Sop/Mezzo/Alt,4.353635140287094,-1.8153352342712257,14.124493071046489,48.01398754119873,2016,19.0,weibl.,Soprano,22.646314371981386
103,97,1.2136986301369863,Sop/Mezzo/Alt,4.194866028611438,-1.3265889386412069,15.944847754012324,48.43610763549805,2016,19.0,weibl.,Soprano,18.85481032112953
104,98,0.4794520547945205,Sop/Mezzo/Alt,3.975255000351916,0.48535885596286177,15.637082065881955,35.28531312942505,2012,19.0,weibl.,Soprano,23.375049276774394
105,98,1.3041095890410959,Sop/Mezzo/Alt,4.744792760921311,0.5079564127145576,15.226849998736217,40.50182342529297,2012,19.0,weibl.,Soprano,19.313778084679953
106,100,0.1589041095890411,Sop/Mezzo/Alt,5.076733693187716,-1.1867715597853092,13.620130823354703,37.40913152694702,2016,23.0,weibl.,Mezzo-Soprano/Contralto,28.238428207880638
107,100,1.3287671232876712,Sop/Mezzo/Alt,8.230492032050241,-2.665723233574374,12.246359555523826,42.321438789367676,2016,23.0,weibl.,Mezzo-Soprano/Contralto,26.058203212163296
108,103,1.3232876712328767,Sop/Mezzo/Alt,5.755057674930109,-0.8635936233540527,12.98586565858854,29.994726181030273,2007,20.0,weibl.,Soprano,20.4153219305348
109,103,2.7616438356164386,Sop/Mezzo/Alt,6.468697538119164,-0.9554677404877094,14.41492341055816,44.05026435852051,2007,20.0,weibl.,Soprano,23.34467793932248
110,108,0.12054794520547946,Sop/Mezzo/Alt,4.020562021464941,-1.5620726692517815,12.610413882065888,42.61563777923584,2016,19.0,weibl.,Soprano,26.127446231024546
111,108,1.2136986301369863,Sop/Mezzo/Alt,3.6545049129699243,-1.1278502076875514,13.682998120201981,43.84052276611328,2016,19.0,weibl.,Soprano,20.583757227722714
112,112,0.1506849315068493,Sop/Mezzo/Alt,3.6374989977698133,0.5006370448948082,14.397630356638913,43.87457847595215,2013,21.0,weibl.,Mezzo-Soprano/Contralto,6.62031700899294
113,112,1.3397260273972602,Sop/Mezzo/Alt,7.934298417900768,-2.3791364382904705,14.350133588758199,33.726868629455566,2013,21.0,weibl.,Mezzo-Soprano/Contralto,17.64998620060868
114,113,0.13150684931506848,Ten/Bar/Bass,-2.2620810096800574,1.2525772588272446,16.99119665107977,47.718071937561035,2013,22.0,männl.,Tenor,10.83980214431454
115,113,1.4931506849315068,Ten/Bar/Bass,-3.428156037271415,0.0015718557045691166,16.9515687992466,38.24916124343872,2013,22.0,männl.,Tenor,13.883664039860289
116,113,2.2986301369863016,Ten/Bar/Bass,-2.093930521943424,1.3265528851201607,17.510438834686294,38.43244552612305,2013,22.0,männl.,Tenor,19.55546115757358
117,116,0.10684931506849316,Sop/Mezzo/Alt,4.610529899167435,-1.649840576674858,15.385309346426881,33.34402561187744,2009,21.0,männl.,Mezzo-Soprano/Contralto,24.293297624401504
118,116,1.1726027397260275,Sop/Mezzo/Alt,6.997720207190473,-0.3775231875527319,17.62555104770757,108.20553313555779,2009,21.0,männl.,Mezzo-Soprano/Contralto,-5.646882209242615
119,116,2.2904109589041095,Sop/Mezzo/Alt,7.403094041981165,-0.3758724740170729,18.313765182263356,116.07223874851852,2009,21.0,männl.,Mezzo-Soprano/Contralto,7.122427557363351
120,116,3.317808219178082,Sop/Mezzo/Alt,4.324706407998052,-0.354015328273364,18.390004246296996,102.76162174568725,2009,21.0,männl.,Mezzo-Soprano/Contralto,2.926063774658001
121,117,0.1095890410958904,Ten/Bar/Bass,-4.363053469710126,0.8381629886070232,17.627817451250905,39.21316146850586,2014,20.0,männl.,Baritone/Bass,13.461664841548524
122,117,1.1835616438356165,Ten/Bar/Bass,-4.413136950494974,0.17996310276302796,18.39949975724509,40.180158615112305,2014,20.0,männl.,Baritone/Bass,15.554005184505353
123,117,2.6027397260273974,Ten/Bar/Bass,-5.358017708265027,-0.48568401333790323,18.493938583119338,47.1481990814209,2014,20.0,männl.,Baritone/Bass,14.916476456358565
124,117,3.5232876712328767,Ten/Bar/Bass,-4.8560143922282215,-0.4888045883361323,17.85264529640559,45.04741668701172,2014,20.0,männl.,Baritone/Bass,16.09549779330712
125,118,0.18082191780821918,Sop/Mezzo/Alt,6.175280816975937,-0.48038003478594016,14.026954173374802,41.24141216278076,2015,20.0,weibl.,Soprano,8.4584340297356
126,118,1.2191780821917808,Sop/Mezzo/Alt,7.3260699348994285,-1.9562732641365723,12.867616986978845,49.981040954589844,2015,20.0,weibl.,Soprano,30.13905116268788
127,119,0.08493150684931507,Sop/Mezzo/Alt,4.320588699022176,-1.719461501920322,16.309383166010857,51.233906745910645,2011,20.0,männl.,Mezzo-Soprano/Contralto,30.640694626237334
128,119,1.3095890410958904,Sop/Mezzo/Alt,5.352877867307041,-1.3217929258366765,16.0638683895974,42.907562255859375,2011,20.0,männl.,Mezzo-Soprano/Contralto,22.5890004121098
129,122,0.08493150684931507,Ten/Bar/Bass,0.3380032414877734,0.5212109826446082,18.352715916216304,44.60771083831787,2011,21.0,männl.,Tenor,15.68709883289371
130,122,1.7315068493150685,Ten/Bar/Bass,-4.344361206698383,-0.6017603176627504,17.91551803037308,42.06324100494385,2011,21.0,männl.,Tenor,21.726325003010814
131,122,2.3068493150684932,Ten/Bar/Bass,-5.627424447295985,-0.10055915388253066,17.596085662403738,45.51419258117676,2011,21.0,männl.,Tenor,18.432137393909873
132,122,2.7835616438356166,Ten/Bar/Bass,-0.5023417127035827,1.8096856701472042,17.427822252947216,40.99006652832031,2011,21.0,männl.,Tenor,18.37123011899098
133,122,3.671232876712329,Ten/Bar/Bass,-1.5653191052336832,0.5856244083033865,17.88150398233982,45.3107213973999,2011,21.0,männl.,Tenor,-61.624712894079494
134,123,0.0821917808219178,Sop/Mezzo/Alt,7.020274420445725,0.6923514175923406,15.288700565497384,44.86706733703613,2016,24.0,weibl.,Mezzo-Soprano/Contralto,17.65265893373233
135,123,1.3287671232876712,Sop/Mezzo/Alt,7.434195686755368,-0.11903429924503646,14.970696544445175,46.48102283477783,2016,24.0,weibl.,Mezzo-Soprano/Contralto,18.333909640792754
136,124,0.10136986301369863,Ten/Bar/Bass,-7.1413046740657995,2.046462954292294,19.44862671796022,48.89355659484863,2016,19.0,männl.,Baritone/Bass,19.77910327262102
137,124,0.7150684931506849,Ten/Bar/Bass,-7.831149115010582,0.6769709229273125,18.82557054339684,44.28265571594238,2016,19.0,männl.,Baritone/Bass,20.152670489747496
138,124,1.463013698630137,Ten/Bar/Bass,-6.488610976354208,1.3234111062794822,16.306116667316736,44.57085609436035,2016,19.0,männl.,Baritone/Bass,14.252270365217942
139,125,0.7863013698630137,Ten/Bar/Bass,-0.9712030034894813,0.5939713974232383,19.019946565449512,33.41841220855713,2012,19.0,männl.,Tenor,20.05101270587714
140,125,1.2082191780821918,Ten/Bar/Bass,-1.4843703144408684,0.5396580828443408,18.69318159168161,43.99157524108887,2012,19.0,männl.,Tenor,18.215317445408825
141,126,0.0821917808219178,Sop/Mezzo/Alt,9.546484799090933,-1.923931423165046,15.007083731767619,44.849910736083984,2016,20.0,weibl.,Mezzo-Soprano/Contralto,24.275500344235578
142,126,1.2136986301369863,Sop/Mezzo/Alt,10.990285289106328,-2.009484394099477,13.883615630787238,42.67881393432617,2016,20.0,weibl.,Mezzo-Soprano/Contralto,18.27769050115348
143,127,0.12054794520547946,Sop/Mezzo/Alt,5.8637301996192095,1.671523958910814,16.73115464591056,42.22724437713623,2017,23.0,weibl.,Mezzo-Soprano/Contralto,18.78800404803439
144,127,1.1917808219178083,Sop/Mezzo/Alt,5.394698408004724,2.7679219907024017,16.069604784287353,40.95559120178223,2017,23.0,weibl.,Mezzo-Soprano/Contralto,17.129984799407836
145,129,0.1589041095890411,Ten/Bar/Bass,-5.088216931518366,0.9013256194573676,18.157158594595934,42.549753189086914,2016,23.0,männl.,Baritone/Bass,15.934871123587119
146,129,1.3287671232876712,Ten/Bar/Bass,-4.706509571494485,0.2823983849583022,16.46983502436274,46.6593599319458,2016,23.0,männl.,Baritone/Bass,17.177732738691258
147,130,0.12054794520547946,Sop/Mezzo/Alt,7.558724332988796,-2.529953223876673,14.014422227426058,44.56911087036133,2016,19.0,männl.,Soprano,31.021540589854514
148,130,1.463013698630137,Sop/Mezzo/Alt,8.378109736902418,-2.7666956867678714,13.646127921346764,49.07181262969971,2016,19.0,männl.,Soprano,23.396846108443256
149,132,1.5342465753424657,Ten/Bar/Bass,-3.038695696926868,2.0454313908375283,15.742406829053321,23.501737117767334,2007,20.0,männl.,Tenor,7.906521063933556
150,132,2.33972602739726,Ten/Bar/Bass,-3.6189610321884667,1.297778680290807,17.646748325383253,36.986680030822754,2007,20.0,männl.,Tenor,15.83226759260947
151,132,3.73972602739726,Ten/Bar/Bass,-1.5526344289225016,1.6385340574427698,17.650987962607356,33.60887050628662,2007,20.0,männl.,Tenor,16.75867541458555
152,133,2.0904109589041098,Sop/Mezzo/Alt,6.814735239238616,0.6872893983234276,16.585815756446685,35.360820293426514,2012,22.0,weibl.,Mezzo-Soprano/Contralto,24.049054556708796
153,133,3.73972602739726,Sop/Mezzo/Alt,5.328706152534862,-0.23770927424955585,16.862266094855105,43.563218116760254,2012,22.0,weibl.,Mezzo-Soprano/Contralto,20.768579318901544
154,135,1.3041095890410959,Ten/Bar/Bass,-3.273086952473945,-0.36800552726879543,15.278022613055342,24.36298370361328,2007,20.0,männl.,Tenor,11.608374095612199
155,135,2.493150684931507,Ten/Bar/Bass,-1.4146418724429113,0.38856679022556684,17.905524858158973,42.08799362182617,2007,20.0,männl.,Tenor,20.453290171099354
156,135,3.2986301369863016,Ten/Bar/Bass,-1.6978516430136117,-1.3366522146736743,18.095501607380992,40.41031837463379,2007,20.0,männl.,Tenor,22.415086504213516
157,136,1.3041095890410959,Sop/Mezzo/Alt,8.819232512769439,-2.055981850606018,11.851200244052716,30.292353630065918,2007,22.0,weibl.,Soprano,11.399311352078186
158,136,2.6082191780821917,Sop/Mezzo/Alt,5.144000189030442,0.2864888263307233,14.006859472212161,44.623708724975586,2007,22.0,weibl.,Soprano,26.60297657184139
159,136,3.638356164383562,Sop/Mezzo/Alt,4.900539547839062,0.7792326010858862,15.08838381658824,50.45509338378906,2007,22.0,weibl.,Soprano,28.814492837705092
160,140,2.6136986301369864,Sop/Mezzo/Alt,6.911313835369835,-1.949466934609023,12.59466084225433,34.72615718841553,2005,19.0,weibl.,Soprano,17.730591846612338
161,140,3.3232876712328765,Sop/Mezzo/Alt,3.497946002713539,-0.951476280172564,12.349225879686609,24.945456981658936,2005,19.0,weibl.,Soprano,15.166461387299098
162,141,0.09041095890410959,Sop/Mezzo/Alt,4.714752672287768,-0.41017994777730776,14.572785552676038,49.14683818817139,2014,19.0,weibl.,Soprano,27.9544284927186
163,141,1.1835616438356165,Sop/Mezzo/Alt,4.144035392454594,0.2778291526853587,14.405632611793328,43.41296672821045,2014,19.0,weibl.,Soprano,26.12256506911512
164,141,2.4876712328767123,Sop/Mezzo/Alt,4.743701337077517,-1.864597849009208,12.58347058195098,43.723998069763184,2014,19.0,weibl.,Soprano,31.72643197840656
165,141,3.4657534246575343,Sop/Mezzo/Alt,5.28315935298861,-1.245566236383925,13.32356560072785,44.47186470031738,2014,19.0,weibl.,Soprano,19.503196163210465
166,142,0.5753424657534246,Ten/Bar/Bass,-2.6911147819371815,1.390666585620848,17.345135962271893,36.25174522399902,2012,20.0,männl.,Baritone/Bass,16.81741117506689
167,142,1.189041095890411,Ten/Bar/Bass,-3.8956969313186427,0.7634104491072804,16.55053426106613,44.1872501373291,2012,20.0,männl.,Baritone/Bass,13.323322635351179
168,142,2.493150684931507,Ten/Bar/Bass,-3.105134260560316,1.7379394009598252,15.690045134217192,42.755188941955566,2012,20.0,männl.,Baritone/Bass,13.303573524679816
169,142,3.73972602739726,Ten/Bar/Bass,-2.0526700273589995,2.5179129890814043,17.07412404466916,43.74521732330322,2012,20.0,männl.,Baritone/Bass,14.908083869944722
170,143,0.18082191780821918,Sop/Mezzo/Alt,4.485050755999366,1.097747816812813,13.866559383283771,40.13615131378174,2015,19.0,weibl.,Soprano,16.12780336765347
171,143,1.2191780821917808,Sop/Mezzo/Alt,5.884281824158179,1.469783736790888,14.944070672010616,42.10987567901611,2015,19.0,weibl.,Soprano,17.952673714158557
172,143,2.3123287671232875,Sop/Mezzo/Alt,6.465937094223163,0.9237477661766573,15.817146906873925,17.869703769683838,2015,19.0,weibl.,Soprano,21.291650860648893
173,144,1.5726027397260274,Sop/Mezzo/Alt,6.684076288472295,1.810429475076375,14.910319060682207,36.285808086395264,2007,18.0,weibl.,Mezzo-Soprano/Contralto,14.107843659987546
174,144,2.627397260273973,Sop/Mezzo/Alt,5.200934760120096,0.9328409582532022,15.06915334608131,42.838921546936035,2007,18.0,weibl.,Mezzo-Soprano/Contralto,27.19300430102202
175,144,3.758904109589041,Sop/Mezzo/Alt,5.216392678789637,2.2081798474262353,15.48700141913412,48.70534896850586,2007,18.0,weibl.,Mezzo-Soprano/Contralto,20.823786500793528
176,145,1.652054794520548,Sop/Mezzo/Alt,6.2719013828432955,0.5127205442124845,13.275092441257065,34.30020570755005,2006,20.0,weibl.,Soprano,9.358382449376258
177,145,2.3232876712328765,Sop/Mezzo/Alt,3.6125847588441173,0.021057995470468365,13.547830548587903,34.47002172470093,2006,20.0,weibl.,Soprano,23.283238815480534
178,145,3.7616438356164386,Sop/Mezzo/Alt,5.106649047451016,-0.4511168086169692,14.54196723252898,44.20597553253174,2006,20.0,weibl.,Soprano,20.96938637968799
179,146,1.7561643835616438,Ten/Bar/Bass,-3.32941589222104,0.8653586977794291,16.243253659072565,26.51603937149048,2006,20.0,männl.,Tenor,9.467024369868565
180,146,2.3424657534246576,Ten/Bar/Bass,-2.3035615077876943,1.0087437271387771,17.20503900134799,29.951300621032715,2006,20.0,männl.,Tenor,16.228507368535727
181,146,3.780821917808219,Ten/Bar/Bass,-2.8621755621106226,0.5083973335522111,14.775687750856394,30.414962768554688,2006,20.0,männl.,Tenor,7.10941602927266
182,147,0.10136986301369863,Sop/Mezzo/Alt,8.582205174046628,-2.033335587127566,12.476702859887126,40.44878959655762,2016,20.0,weibl.,Soprano,22.36185496544489
183,147,1.2136986301369863,Sop/Mezzo/Alt,10.566496763622307,-1.8064227038824288,14.070520930919441,50.149030685424805,2016,20.0,weibl.,Soprano,23.857357430964974
184,148,2.756164383561644,Ten/Bar/Bass,-5.419772847179486,1.3228805316862091,15.55403207935892,30.737357139587402,2005,20.0,männl.,Baritone/Bass,11.322216107672089
185,148,3.706849315068493,Ten/Bar/Bass,-5.190216530621653,1.4721837956893173,17.05395005040344,29.652819633483887,2005,20.0,männl.,Baritone/Bass,14.778747059747069
186,152,1.6904109589041096,Sop/Mezzo/Alt,8.174116518585206,-2.0950014317453043,13.439981141851588,34.902474880218506,2006,19.0,weibl.,Mezzo-Soprano/Contralto,14.315467788375226
187,152,2.706849315068493,Sop/Mezzo/Alt,7.211869896664966,-1.3695597892462192,12.49183627633971,31.709156036376953,2006,19.0,weibl.,Mezzo-Soprano/Contralto,11.866193272233536
188,153,0.08493150684931507,Ten/Bar/Bass,-2.912778731036467,-1.080232613449187,18.89640460435428,46.496286392211914,2011,20.0,männl.,Baritone/Bass,18.310115291615165
189,153,1.347945205479452,Ten/Bar/Bass,-4.543998564868042,0.5893667451387409,18.446782535594895,44.90914344787598,2011,20.0,männl.,Baritone/Bass,15.449156746056207
190,153,2.3068493150684932,Ten/Bar/Bass,-5.591820436534328,0.6991454842855837,18.875038209581742,41.50853633880615,2011,20.0,männl.,Baritone/Bass,26.9119946745756
191,153,3.591780821917808,Ten/Bar/Bass,-5.3712791644150295,1.956645826280282,17.450466278516178,46.01696014404297,2011,20.0,männl.,Baritone/Bass,18.33400717408985
192,154,0.10410958904109589,Sop/Mezzo/Alt,5.02099219778143,-1.465375533911277,13.745605099183802,41.50451183319092,2011,20.0,weibl.,Soprano,9.644467548177756
193,154,1.347945205479452,Sop/Mezzo/Alt,4.755506003062353,-1.7676207376209143,14.172553983857512,50.844078063964844,2011,20.0,weibl.,Soprano,22.89555697662397
194,154,2.3068493150684932,Sop/Mezzo/Alt,5.2889994646129965,-0.39139608080453464,14.217922643094477,46.97061538696289,2011,20.0,weibl.,Soprano,26.150341977849465
195,154,3.591780821917808,Sop/Mezzo/Alt,5.896753059462397,-1.0507935024471675,13.56916407364561,46.94803714752197,2011,20.0,weibl.,Soprano,20.224866978586707
196,157,0.0821917808219178,Sop/Mezzo/Alt,3.304220450026534,1.3540412116639964,16.127962211801524,32.59672164916992,2016,23.0,weibl.,Soprano,14.446579282981286
197,157,1.2136986301369863,Sop/Mezzo/Alt,0.1508622261018537,1.3703286507168222,15.892876125896748,46.87183380126953,2016,23.0,weibl.,Soprano,20.049098911263975
198,158,0.1506849315068493,Sop/Mezzo/Alt,6.533174693446764,-0.7113095756468537,13.20174561559658,42.18161106109619,2013,20.0,weibl.,Soprano,16.560663437686717
199,158,1.3397260273972602,Sop/Mezzo/Alt,4.1984941281209585,-0.5417224234350936,12.83503472263052,43.940749168395996,2013,20.0,weibl.,Soprano,20.861728808709586
200,158,2.317808219178082,Sop/Mezzo/Alt,7.129743915984124,-0.5807719058036869,13.119091148323559,44.597859382629395,2013,20.0,weibl.,Soprano,22.693152939196345
201,158,3.526027397260274,Sop/Mezzo/Alt,6.460992754540783,-0.9903186187895452,13.674574755337199,40.294761657714844,2013,20.0,weibl.,Soprano,14.743679451317957
202,160,0.08493150684931507,Ten/Bar/Bass,-2.8751585824051307,1.4587390151502866,19.300238312162378,35.13038635253906,2011,21.0,männl.,Baritone/Bass,19.111062569074
203,160,1.5780821917808219,Ten/Bar/Bass,-3.0772146242686067,1.043314927974158,18.020815118694752,43.37083339691162,2011,21.0,männl.,Baritone/Bass,17.071444624478957
204,160,2.791780821917808,Ten/Bar/Bass,-4.798754284767497,2.468366027819147,16.795954888659654,38.395447731018066,2011,21.0,männl.,Baritone/Bass,6.480643417529862
205,160,3.7835616438356166,Ten/Bar/Bass,-6.587179517339953,1.525521772191336,19.878054892768834,49.09088611602783,2011,21.0,männl.,Baritone/Bass,14.028744007938387
206,161,2.684931506849315,Sop/Mezzo/Alt,6.0923886603029045,-1.8748010844198462,15.228430856163932,43.385353088378906,2007,24.0,weibl.,Soprano,20.86340711784289
207,161,3.758904109589041,Sop/Mezzo/Alt,5.796917157174964,-0.034248054162232526,14.838133947813912,43.74292850494385,2007,24.0,weibl.,Soprano,20.579966402862496
208,163,0.1095890410958904,Sop/Mezzo/Alt,2.8133305630182175,1.267678431587687,14.036448508515535,44.277920722961426,2014,19.0,weibl.,Soprano,15.647994673553887
209,163,1.2219178082191782,Sop/Mezzo/Alt,2.0713249674528598,0.5576895586514049,14.889032700736829,49.28495407104492,2014,19.0,weibl.,Soprano,26.533504355036698
210,163,2.4684931506849317,Sop/Mezzo/Alt,3.4514351544909747,-0.502144674700763,14.109174603317873,50.17098426818848,2014,19.0,weibl.,Soprano,27.08060983411791
211,163,3.4657534246575343,Sop/Mezzo/Alt,4.221936821151189,-0.08141482319918902,14.60263035571811,47.39031791687012,2014,19.0,weibl.,Soprano,19.81655873381872
212,165,2.6904109589041094,Sop/Mezzo/Alt,5.268774923307803,-1.3780284444725481,11.447038151348094,29.116601943969727,2005,20.0,weibl.,Mezzo-Soprano/Contralto,15.88058030047688
213,165,3.3232876712328765,Sop/Mezzo/Alt,6.891973465329039,-2.3640701857687314,12.033580691159354,34.70779895782471,2005,20.0,weibl.,Mezzo-Soprano/Contralto,13.533468942095661
214,166,0.09315068493150686,Sop/Mezzo/Alt,4.755433177966302,-1.31906699756831,13.492062113091697,93.77102636956846,2008,20.0,weibl.,Soprano,-9.872384049485209
215,166,1.3178082191780822,Sop/Mezzo/Alt,5.392559612828247,-1.1536838171327788,13.842737114830026,42.46936321258545,2008,20.0,weibl.,Soprano,17.996541358197895
216,166,2.16986301369863,Sop/Mezzo/Alt,9.40654898758963,-3.0695976175683084,15.465717865284502,101.19161786133665,2008,20.0,weibl.,Soprano,-9.419308604205488
217,168,0.09041095890410959,Ten/Bar/Bass,-3.7791913800799244,2.9412153516814437,18.36232216619843,49.35049533843994,2014,27.0,männl.,Tenor,21.22337355053803
218,168,1.1835616438356165,Ten/Bar/Bass,-3.076579749060437,3.1640637895672006,17.671493042074367,46.0279655456543,2014,27.0,männl.,Tenor,20.36676756371587
219,168,2.4876712328767123,Ten/Bar/Bass,-2.9826441245805215,1.1639840970219448,17.80335163085222,45.73890209197998,2014,27.0,männl.,Tenor,13.134903339285637
220,168,3.7150684931506848,Ten/Bar/Bass,-3.197534358455893,1.1287060600851244,16.25915222053864,45.76282501220703,2014,27.0,männl.,Tenor,17.935082470537157
221,171,0.1095890410958904,Sop/Mezzo/Alt,5.373192842374829,-0.511533874710153,14.44671238666506,40.67945957183838,2014,19.0,weibl.,Soprano,15.44228234217276
222,171,1.2219178082191782,Sop/Mezzo/Alt,5.546795438652251,-1.4421867582982908,13.645261264513842,44.64247226715088,2014,19.0,weibl.,Soprano,18.693609573593434
223,172,0.14520547945205478,Sop/Mezzo/Alt,,,,,2009,20.0,weibl.,Soprano,
224,172,0.3178082191780822,Sop/Mezzo/Alt,5.343541920662264,-0.8989266953504843,13.463675693424005,46.042399406433105,2009,20.0,weibl.,Soprano,23.22734536648916
225,172,1.3150684931506849,Sop/Mezzo/Alt,6.292212497137603,-2.4469298164505315,15.63318397515064,45.088982582092285,2009,20.0,weibl.,Soprano,28.538775801972264
226,172,2.5616438356164384,Sop/Mezzo/Alt,5.30212994183332,-1.4490296991103069,13.402925764644403,51.3350248336792,2009,20.0,weibl.,Soprano,19.39160321271523
227,173,0.5561643835616439,Ten/Bar/Bass,-4.352839268359707,1.7699118317067648,17.1855247561187,45.902161598205566,2012,21.0,männl.,Tenor,20.162361602260695
228,173,1.2246575342465753,Ten/Bar/Bass,-3.448477703393187,1.429876066727408,15.929655476917834,40.95740795135498,2012,21.0,männl.,Tenor,11.564554621446092
229,173,2.589041095890411,Ten/Bar/Bass,-2.6223375868000156,1.6639864327160792,16.980774567223694,42.69613742828369,2012,21.0,männl.,Tenor,22.63748637575521
230,173,3.4712328767123286,Ten/Bar/Bass,-2.1580446127133897,1.9129331001639915,15.837682680603884,39.62836980819702,2012,21.0,männl.,Tenor,13.478532191732466
231,175,1.347945205479452,Sop/Mezzo/Alt,7.6826128684703345,-1.2361326221383242,12.79718864663504,27.866709232330322,2007,22.0,weibl.,Soprano,10.991241841221068
232,175,2.473972602739726,Sop/Mezzo/Alt,7.676314445708967,-0.23323614730687306,15.147385028010063,42.042036056518555,2007,22.0,weibl.,Soprano,19.971987061847155
233,177,0.1506849315068493,Ten/Bar/Bass,0.3055836067549732,1.7894365236898147,19.21475052746242,38.43989849090576,2013,23.0,männl.,Tenor,12.923891976115481
234,177,1.3287671232876712,Ten/Bar/Bass,0.09490289452080011,2.2300205120066736,17.94903495605401,42.123756408691406,2013,23.0,männl.,Tenor,23.439523315003157
235,177,2.2986301369863016,Ten/Bar/Bass,-0.5015022991253866,1.9892078086417477,17.07188632658809,40.439467430114746,2013,23.0,männl.,Tenor,26.78810524619584
236,177,3.6410958904109587,Ten/Bar/Bass,0.9105809680614162,1.0462875548065511,17.644895920363556,39.97784614562988,2013,23.0,männl.,Tenor,15.486342982016513
237,178,0.7287671232876712,Ten/Bar/Bass,-2.72382168654957,1.6418995549176705,18.229549932463033,33.84162187576294,2012,19.0,männl.,Tenor,23.35725312931348
238,178,1.189041095890411,Ten/Bar/Bass,-2.362563532459455,2.0892905599987053,17.613061586569177,35.10710000991821,2012,19.0,männl.,Tenor,19.7312871008689
239,178,2.665753424657534,Ten/Bar/Bass,-2.3753574336925913,1.246217083770814,16.112368527964755,45.39757251739502,2012,19.0,männl.,Tenor,20.533598878379202
240,178,3.547945205479452,Ten/Bar/Bass,-2.3917422695685127,2.1574959359773356,15.246677759809545,44.266533851623535,2012,19.0,männl.,Tenor,13.047197802623305
241,181,0.5753424657534246,Sop/Mezzo/Alt,2.8623163435620342,-0.8196150724841124,15.06331061783373,38.5201096534729,2012,19.0,weibl.,Soprano,25.80437538502224
242,181,1.2082191780821918,Sop/Mezzo/Alt,6.8174735381015505,-1.0052866596824679,14.174925798976169,43.81875038146973,2012,19.0,weibl.,Soprano,24.961760503338354
243,181,3.317808219178082,Sop/Mezzo/Alt,5.459336821088989,-1.2394783065071453,13.864689331714958,44.92592811584473,2012,19.0,weibl.,Soprano,18.30771215601977
244,183,2.1041095890410957,Sop/Mezzo/Alt,11.398557188169548,-2.8027111196287366,13.812421420058365,47.5946569442749,2009,,weibl.,,12.463978825034046
245,183,3.1945205479452055,Sop/Mezzo/Alt,10.822783808858068,-1.1798883502742856,15.46706546830716,45.95358848571777,2009,,weibl.,,20.472740998468318
246,184,0.09315068493150686,Ten/Bar/Bass,-3.5796193810579497,-1.009375458394133,18.07225722898527,91.96322656081689,2008,24.0,männl.,Baritone/Bass,-4.819464927677977
247,184,1.2986301369863014,Ten/Bar/Bass,-5.2500338437908685,-0.023617695492275895,16.236157706876924,37.3698616027832,2008,24.0,männl.,Baritone/Bass,17.29116438620901
248,184,2.1671232876712327,Ten/Bar/Bass,-2.9938675383116404,1.5691909606292436,21.520931677535625,123.04666072799584,2008,24.0,männl.,Baritone/Bass,1.0638335215495311
249,185,0.536986301369863,Sop/Mezzo/Alt,3.2900367844230445,-0.4879885371782103,14.633728985691342,31.40655279159546,2012,22.0,weibl.,Soprano,26.379569449258344
250,185,1.2273972602739727,Sop/Mezzo/Alt,4.93928515710854,-1.6545243510737826,13.360396244852488,44.28064823150635,2012,22.0,weibl.,Soprano,20.805953529931152
251,185,2.473972602739726,Sop/Mezzo/Alt,5.6994812597933375,-1.3291552822708794,13.863275442847279,48.106980323791504,2012,22.0,weibl.,Soprano,29.95856070984329
252,185,3.452054794520548,Sop/Mezzo/Alt,7.457879753780285,-1.9790996019172131,11.962729579586302,44.684529304504395,2012,22.0,weibl.,Soprano,19.390204918485306
253,186,0.12054794520547946,Ten/Bar/Bass,-2.2736255824759946,0.9237761737626462,16.13133114835741,39.862914085388184,2017,,männl.,Tenor,25.41563662871326
254,186,1.1342465753424658,Ten/Bar/Bass,-4.209079366892249,2.5109337580612614,17.00442433404806,39.77421045303345,2017,,männl.,Tenor,23.610959023558816
255,188,0.336986301369863,Sop/Mezzo/Alt,4.367370804743766,-2.089208412938836,13.181029269303364,42.33415603637695,2009,18.0,weibl.,,19.54476254852581
256,188,1.1616438356164382,Sop/Mezzo/Alt,5.948093847406975,-2.7657237390234686,13.908286619682007,31.856069564819336,2009,18.0,weibl.,,26.52470674940934
257,188,1.3506849315068492,Sop/Mezzo/Alt,6.614094462051183,-0.15887236996927506,15.696847870502653,31.329355239868164,2009,18.0,weibl.,,21.093968017046173
258,188,2.6575342465753424,Sop/Mezzo/Alt,5.787491449565856,-1.0011813803835174,15.29573761460129,50.68164825439453,2009,18.0,weibl.,,18.630219938110674
259,189,0.0,Sop/Mezzo/Alt,,,,,2012,19.0,männl.,Mezzo-Soprano/Contralto,
260,189,1.3205479452054794,Ten/Bar/Bass,-4.054166312703591,1.5938716176758982,19.489456571144185,36.74163579940796,2012,19.0,männl.,Baritone/Bass,16.982265647229358
261,189,2.03013698630137,Ten/Bar/Bass,-4.45130887097874,1.8087139513884054,18.74929836315211,48.954548835754395,2012,19.0,männl.,Baritone/Bass,20.221744759705707
262,189,3.372602739726027,Ten/Bar/Bass,-5.192672526508338,0.878233475083172,18.675113741802285,45.05096435546875,2012,19.0,männl.,Baritone/Bass,11.291297149017211
263,190,0.5561643835616439,Ten/Bar/Bass,-2.1416191540757277,2.5735690143814964,18.15370734553819,31.34917974472046,2012,20.0,männl.,Baritone/Bass,14.570437062453479
264,190,1.2082191780821918,Ten/Bar/Bass,-4.0912441639728,1.9725026415033555,18.994245818383796,34.39401149749756,2012,20.0,männl.,Baritone/Bass,18.55737385581535
265,190,2.493150684931507,Ten/Bar/Bass,-2.3054165995560423,0.6622918697189359,16.619480925675372,37.24005699157715,2012,20.0,männl.,Baritone/Bass,16.369658876008167
266,190,3.5287671232876714,Ten/Bar/Bass,-4.2317898048839195,1.1832281408576064,18.278158856397976,42.48462200164795,2012,20.0,männl.,Baritone/Bass,15.359268684952742
267,191,0.08493150684931507,Ten/Bar/Bass,-2.918332274715273,-0.2418573955242077,19.54515702869774,38.312411308288574,2011,20.0,männl.,Baritone/Bass,24.8376550569209
268,191,1.1945205479452055,Ten/Bar/Bass,-4.788360231134868,1.6177005308334573,18.20053464484818,51.14077568054199,2011,20.0,männl.,Baritone/Bass,15.241274585877907
269,191,2.287671232876712,Ten/Bar/Bass,-6.3156153301621485,2.3669043005118366,17.784591062364225,45.73178768157959,2011,20.0,männl.,Baritone/Bass,17.307011561636862
270,191,3.5726027397260274,Ten/Bar/Bass,-6.157021558001987,3.3584471482150393,17.670781174381556,46.30636692047119,2011,20.0,männl.,Baritone/Bass,21.84834855132321
271,193,0.12054794520547946,Sop/Mezzo/Alt,3.9759925833946363,2.576211331747295,14.932304538300695,43.28103542327881,2016,24.0,weibl.,Mezzo-Soprano/Contralto,13.590442900659168
272,193,1.2136986301369863,Sop/Mezzo/Alt,6.444963390648642,1.6627614764068204,16.230940723125094,45.72919845581055,2016,24.0,weibl.,Mezzo-Soprano/Contralto,16.80509826553046
273,194,0.1095890410958904,Ten/Bar/Bass,-1.4433804254842162,0.9593914656506712,16.84034765324797,37.81539440155029,2014,21.0,männl.,Tenor,10.311264549910641
274,194,2.736986301369863,Ten/Bar/Bass,-2.0614636758500255,0.4125413185027916,18.621877597875372,45.20108699798584,2014,21.0,männl.,Tenor,19.273057011351785
275,198,0.10136986301369863,Sop/Mezzo/Alt,7.333318339770014,-0.5130733409397983,15.49449776561805,48.93088340759277,2016,24.0,weibl.,Soprano,26.666662004475757
276,198,1.2136986301369863,Sop/Mezzo/Alt,9.630406135193999,-1.4792202699487027,14.18492747391646,48.57005596160889,2016,24.0,weibl.,Soprano,23.25324411786393
277,200,1.6712328767123288,Sop/Mezzo/Alt,3.8351363298535897,0.4713059745914778,10.978458723933862,29.031364917755127,2006,18.0,weibl.,Mezzo-Soprano/Contralto,15.197979877181274
278,200,2.3424657534246576,Sop/Mezzo/Alt,5.410441894128067,-1.1183403625181905,12.112690072935152,26.914010047912598,2006,18.0,weibl.,Mezzo-Soprano/Contralto,11.71686899673199
279,200,3.5315068493150683,Sop/Mezzo/Alt,5.966791142458354,-0.22462064790405561,14.175738571821613,45.73661804199219,2006,18.0,weibl.,Mezzo-Soprano/Contralto,26.910041825857736
280,201,0.08493150684931507,Sop/Mezzo/Alt,7.112502572321933,-1.64596927509539,13.031038105345742,47.346253395080566,2011,20.0,weibl.,Mezzo-Soprano/Contralto,27.064736531171288
281,201,1.1369863013698631,Sop/Mezzo/Alt,6.999210921459506,-0.4252047271829854,15.14018613016019,46.310667991638184,2011,20.0,weibl.,Mezzo-Soprano/Contralto,15.22827773562771
282,201,2.3068493150684932,Sop/Mezzo/Alt,7.915179164643543,-0.3343840381864984,15.080222261735416,42.61740684509277,2011,20.0,weibl.,Mezzo-Soprano/Contralto,27.837411101347364
283,201,3.495890410958904,Sop/Mezzo/Alt,6.309809263377852,0.8983334839057058,15.31028399257318,46.7982816696167,2011,20.0,weibl.,Mezzo-Soprano/Contralto,20.481033358968233
284,204,0.13150684931506848,Ten/Bar/Bass,0.8177947794422833,1.271056390334471,17.23702329289275,39.340643882751465,2013,20.0,männl.,,6.574117016759812
285,204,1.3068493150684932,Ten/Bar/Bass,-0.8132269499362089,1.7208796696624336,17.139162732955,37.37898111343384,2013,20.0,männl.,,19.24943588671193
286,204,2.336986301369863,Ten/Bar/Bass,-2.0768676401545316,0.8498370226199231,17.310469086914654,45.3608512878418,2013,20.0,männl.,,21.22101043891911
287,204,3.526027397260274,Ten/Bar/Bass,1.2441354826692361,-0.014502064568294214,15.244550661635662,40.154385566711426,2013,20.0,männl.,,23.342422693621465
288,205,0.12054794520547946,Sop/Mezzo/Alt,5.814614020109614,-0.11330469380308561,13.545693807682895,43.45809459686279,2017,23.0,weibl.,Soprano,23.235992065268558
289,205,1.1342465753424658,Sop/Mezzo/Alt,8.159380577560903,-2.14203421106689,13.094068594516655,40.03398895263672,2017,23.0,weibl.,Soprano,27.758110183554628
290,208,1.3424657534246576,Sop/Mezzo/Alt,7.3786768754953,-1.6323859827215117,13.45442848646159,36.06525421142578,2007,23.0,weibl.,Soprano,13.873623564555459
291,208,2.5123287671232877,Sop/Mezzo/Alt,6.19170992804724,-1.8305966472018054,14.502894885892971,43.88322830200195,2007,23.0,weibl.,Soprano,23.796614905046766
292,209,0.14246575342465753,Ten/Bar/Bass,-6.074909744260876,-2.235597855851502,17.978399034749255,45.90290069580078,2010,22.0,männl.,Baritone/Bass,18.21160012012837
293,209,1.1972602739726028,Ten/Bar/Bass,-6.569549863495396,-1.470832445222372,17.83806965807427,33.662073612213135,2010,22.0,männl.,Baritone/Bass,16.962821869148414
294,209,2.76986301369863,Ten/Bar/Bass,-7.923847290402502,-0.6978281104387607,18.702618647248936,44.93881702423096,2010,22.0,männl.,Baritone/Bass,27.745041422413024
295,211,0.4904109589041096,Sop/Mezzo/Alt,3.6328479119185317,0.3753467024980779,13.618408882789529,38.01424503326416,2009,19.0,weibl.,Mezzo-Soprano/Contralto,20.268878587010445
296,211,1.4876712328767123,Sop/Mezzo/Alt,3.684474885388785,0.023086090651757957,14.451334045973404,48.559722900390625,2009,19.0,weibl.,Mezzo-Soprano/Contralto,31.278607332331617
297,211,2.638356164383562,Sop/Mezzo/Alt,2.248973071471766,-0.5064662956487543,16.71001394139182,45.60999393463135,2009,19.0,weibl.,Mezzo-Soprano/Contralto,23.187757086487167
298,213,0.13150684931506848,Ten/Bar/Bass,-1.3156797342816322,0.9805479545024287,16.711304827548588,43.92293930053711,2013,19.0,männl.,Tenor,9.92418740123399
299,213,1.3397260273972602,Ten/Bar/Bass,-1.3116417567630694,0.41602261482040576,15.927623282509035,34.148478507995605,2013,19.0,männl.,Tenor,10.375890446604068
300,213,2.336986301369863,Ten/Bar/Bass,-0.6500808660653018,0.0767096122488952,16.637576414384935,42.78759479522705,2013,19.0,männl.,Tenor,6.734066632046126
301,213,3.526027397260274,Ten/Bar/Bass,-0.18241135623991217,-0.29867260433831166,15.530489668518888,38.34167718887329,2013,19.0,männl.,Tenor,14.165578653129787
302,214,0.09315068493150686,Sop/Mezzo/Alt,5.3770228056988065,-1.753638743051493,14.666444492204995,91.05508568622244,2008,19.0,weibl.,Soprano,-7.05168819554573
303,214,1.3178082191780822,Sop/Mezzo/Alt,6.418352594453199,-1.4167727024367152,11.933205652816095,40.63174247741699,2008,19.0,weibl.,Soprano,16.260893717508985
304,214,2.6986301369863015,Sop/Mezzo/Alt,7.899532306263098,-0.8501825834560683,15.10313835577917,42.39927291870117,2008,19.0,weibl.,Soprano,23.87062070200377
305,214,3.2904109589041095,Sop/Mezzo/Alt,3.486304846756008,0.21217871395301996,17.025408306893635,113.88767349065259,2008,19.0,weibl.,Soprano,1.7215601304147674
306,215,0.0958904109589041,Sop/Mezzo/Alt,3.656152398373647,-1.4645626701540206,14.244811436009911,94.0542284300117,2008,23.0,weibl.,,-0.06511508605741788
307,215,1.2219178082191782,Sop/Mezzo/Alt,3.4278074684589797,-0.8609932499940964,14.528997291166922,32.82433271408081,2008,23.0,weibl.,,22.143064437065853
308,215,2.1671232876712327,Sop/Mezzo/Alt,6.24400655875208,-2.6621284682155153,15.642438737825609,109.25932139028141,2008,23.0,weibl.,,-2.9866300316817913
309,216,0.10136986301369863,Ten/Bar/Bass,-1.0358540586171476,0.8279406946045703,17.688026879112453,41.04182243347168,2016,23.0,männl.,Tenor,26.606626562277903
310,216,1.3095890410958904,Ten/Bar/Bass,1.2564235206522225,1.7052436209612545,15.961938636842014,39.734933376312256,2016,23.0,männl.,Tenor,21.23467527167935
311,218,0.5753424657534246,Sop/Mezzo/Alt,5.1226383323873055,-1.2332088459762698,14.94889871213519,44.686455726623535,2012,20.0,weibl.,Soprano,22.608431922017168
312,218,1.2246575342465753,Sop/Mezzo/Alt,5.863808833341132,-1.8600518901770102,14.81841340065299,43.559861183166504,2012,20.0,weibl.,Soprano,19.0199715666185
313,218,2.589041095890411,Sop/Mezzo/Alt,4.344914239162043,-0.8176752425289059,14.123556701325784,41.602582931518555,2012,20.0,weibl.,Soprano,22.523540728776517
314,218,3.547945205479452,Sop/Mezzo/Alt,3.830175902954328,-0.0596158786856879,14.195237257582606,48.675241470336914,2012,20.0,weibl.,Soprano,18.49541168386992
315,219,2.5945205479452054,Ten/Bar/Bass,-7.1564220579791975,-0.6482175222184889,17.138731948398206,30.184829235076904,2005,21.0,männl.,Baritone/Bass,11.817513074098674
316,219,3.5342465753424657,Ten/Bar/Bass,-5.074271454273164,-0.6663626799582668,15.965995561555703,30.293195247650146,2005,21.0,männl.,Baritone/Bass,16.02491139923845
317,220,0.08767123287671233,Sop/Mezzo/Alt,2.8095237085373563,-1.1619074283212216,13.060369921436461,35.63222885131836,2009,21.0,männl.,Mezzo-Soprano/Contralto,24.41808230201474
318,220,1.16986301369863,Sop/Mezzo/Alt,3.0943423226059124,-0.6365497104030415,16.59329063846563,101.2108644005781,2009,21.0,männl.,Mezzo-Soprano/Contralto,-3.2568604226071796
319,220,2.293150684931507,Sop/Mezzo/Alt,3.496827290697609,0.07294946806365044,17.645752859905585,115.79921529951301,2009,21.0,männl.,Mezzo-Soprano/Contralto,2.0625923155701322
320,220,3.315068493150685,Sop/Mezzo/Alt,1.804649545087004,-1.0982346809979129,16.893060677286467,111.78536792134943,2009,21.0,männl.,Mezzo-Soprano/Contralto,-2.2961712819846936
321,221,0.1506849315068493,Sop/Mezzo/Alt,5.8317900111094865,0.8687786522125217,14.886188324506012,34.1365647315979,2013,19.0,weibl.,Soprano,30.98131716109867
322,221,1.3397260273972602,Sop/Mezzo/Alt,6.76343464032275,1.024940823075199,15.171230320946849,45.13150691986084,2013,19.0,weibl.,Soprano,17.19767279156394
323,221,2.317808219178082,Sop/Mezzo/Alt,7.371751326334247,1.6612632998983927,15.525648080128937,46.8347692489624,2013,19.0,weibl.,Soprano,18.642286073412954
324,221,3.66027397260274,Sop/Mezzo/Alt,6.106527958487925,0.7473520101204668,16.109453327544493,44.22785758972168,2013,19.0,weibl.,Soprano,24.060839622612637
325,224,0.09041095890410959,Sop/Mezzo/Alt,2.1961265689587433,-0.40234800069282434,16.520288899707044,47.18862056732178,2014,20.0,männl.,Mezzo-Soprano/Contralto,27.833902594281938
326,224,1.1835616438356165,Sop/Mezzo/Alt,3.18835623272245,-0.7212047314823599,15.080311149683993,43.549771308898926,2014,20.0,männl.,Mezzo-Soprano/Contralto,26.67018353911969
327,224,2.506849315068493,Sop/Mezzo/Alt,2.509843274202633,0.14081974912478012,13.930099880246543,45.76281547546387,2014,20.0,männl.,Mezzo-Soprano/Contralto,21.209162733514304
328,224,3.5232876712328767,Sop/Mezzo/Alt,2.8980180976936025,-0.5865707405408337,14.658048771394833,45.24301528930664,2014,20.0,männl.,Mezzo-Soprano/Contralto,33.55276709325282
329,227,1.3041095890410959,Sop/Mezzo/Alt,2.759300578315,-1.067020118275854,12.843590274647603,32.17756748199463,2007,20.0,männl.,Soprano,13.293138739423817
330,227,2.5123287671232877,Sop/Mezzo/Alt,4.8878390655429715,-1.3727057539908516,13.762136188932441,46.277475357055664,2007,20.0,männl.,Soprano,27.024530783321175
331,229,0.13150684931506848,Sop/Mezzo/Alt,3.4664016746204034,-0.09985417767534294,15.703887850630633,45.88874340057373,2013,21.0,weibl.,Soprano,11.343249734375025
332,229,1.3397260273972602,Sop/Mezzo/Alt,4.139078445867611,0.7639341728231257,13.867084972135977,34.546685218811035,2013,21.0,weibl.,Soprano,13.388998085188133
333,229,2.317808219178082,Sop/Mezzo/Alt,5.815666056559577,0.10514007461300047,14.285847418010981,45.31447887420654,2013,21.0,weibl.,Soprano,18.484036089290353
334,229,3.526027397260274,Sop/Mezzo/Alt,4.964188250446947,0.202090464464295,14.845467659791458,39.10498857498169,2013,21.0,weibl.,Soprano,19.27504003082059
335,230,0.16164383561643836,Sop/Mezzo/Alt,4.802930582641698,-0.5477100129436678,14.460990687025388,46.96831226348877,2015,24.0,männl.,Soprano,19.158257384206753
336,230,2.734246575342466,Sop/Mezzo/Alt,5.487993254698252,-1.2605900760429938,14.048288561568679,47.829833030700684,2015,24.0,männl.,Soprano,17.829813417780613
337,231,0.10410958904109589,Sop/Mezzo/Alt,5.543916964011547,0.27280348852012665,14.914353201277022,43.184475898742676,2011,23.0,weibl.,Mezzo-Soprano/Contralto,8.050224170883517
338,231,1.1945205479452055,Sop/Mezzo/Alt,7.504839168407884,2.0122881680907714,16.16785515112545,47.00748920440674,2011,23.0,weibl.,Mezzo-Soprano/Contralto,20.175989961779813
339,231,2.3068493150684932,Sop/Mezzo/Alt,7.7444718857346615,1.1010818658140753,15.015196869937009,48.741984367370605,2011,23.0,weibl.,Mezzo-Soprano/Contralto,20.718423554548643
340,231,3.591780821917808,Sop/Mezzo/Alt,6.850077985938516,1.6310485824844934,15.355887474257985,48.0634880065918,2011,23.0,weibl.,Mezzo-Soprano/Contralto,17.59884219783085
341,234,1.3232876712328767,Ten/Bar/Bass,-2.452208033766063,2.193173697821778,15.605291502202798,31.595046520233154,2007,22.0,weibl.,Tenor,11.448858748927378
342,234,2.7424657534246575,Ten/Bar/Bass,-0.7733947155264874,2.080718445349425,18.77279282046793,43.06868076324463,2007,22.0,weibl.,Tenor,22.545144249291074
343,236,0.14246575342465753,Sop/Mezzo/Alt,1.132184951343334,-0.28804934429280665,14.71206567423518,39.791221618652344,2010,22.0,weibl.,Soprano,10.252642697409621
344,236,1.158904109589041,Sop/Mezzo/Alt,1.7715143620892078,0.9752449394140827,15.821931217417967,47.843427658081055,2010,22.0,weibl.,Soprano,23.391210386425506
345,236,2.789041095890411,Sop/Mezzo/Alt,4.048535719953053,-1.2843004389502464,16.570115522718798,45.777034759521484,2010,22.0,weibl.,Soprano,17.963616106461632
346,236,3.791780821917808,Sop/Mezzo/Alt,4.17351894831352,-0.712377847907032,15.019274511217215,42.88633346557617,2010,22.0,weibl.,Soprano,15.443571416812885
347,239,2.756164383561644,Sop/Mezzo/Alt,6.613173033761961,-1.0875636993825348,13.575001141928103,30.88508129119873,2005,19.0,weibl.,Soprano,13.13404514088377
348,239,3.7835616438356166,Sop/Mezzo/Alt,4.464584696487299,-0.25408865743311965,12.855899145268863,28.981146812438965,2005,19.0,weibl.,Soprano,13.892325570162509
